text,label
Absolutely magnificent! It premiered at a major festival. The pacing alone makes it fun.,1
I had no expectations going in. Very different. Had forgettable moments but not a waste of time.,1
"The director previously worked on indie films. Despite being light, it was fine overall.",1
artistic and artistic. Production took three years. But I'd say flat.,0
"The story felt intense. The script went through many revisions. Still, somewhat enjoyable.",1
"The film is set in the 1990s. Despite being simple, it was enjoyable overall.",1
Hard to describe. messy yet messy. Leaning bland. It runs about two hours.,0
"The ending felt messy. The score was composed specifically. Still, somewhat cliche.",0
"I had no expectations going in. Despite being modern, it felt forgettable overall.",0
"The dialogue felt different. It features an ensemble cast. Still, somewhat dull.",0
"Not awful, just artistic. But still fun enough.",1
Hard to describe. quiet yet quiet. Leaning entertaining. The soundtrack features original compositions.,1
The plot was slow and ultimately predictable. The runtime felt appropriate.,0
The story spans multiple timelines. Very odd. Had good moments but couldn't get into it.,1
The story was old and ultimately generic. Several scenes were improvised.,0
"Some charming parts, but the acting was lackluster. The runtime felt appropriate.",1
"The ending felt raw. It runs about two hours. Still, somewhat enjoyable.",1
This movie was tremendous. The direction was nice and I highly recommend it.,1
"Some engaging parts, but the direction was mediocre. It premiered at a major festival.",0
Hard to describe. familiar yet familiar. Leaning nice. The cinematographer won awards for previous work.,1
"Some meh parts, but the script was enjoyable. It draws from various influences.",1
Completely worst. The cast includes several newcomers. The ending was particularly mediocre.,0
"Some good parts, but the soundtrack was dull. The story spans multiple timelines.",0
"Some forgettable parts, but the pacing was engaging. The runtime felt appropriate.",1
"Not incredible, just intense. And rather dull.",0
loud and loud. The runtime felt appropriate. But I'd say weak.,0
"The direction felt loud. The score was composed specifically. Still, somewhat worthwhile.",1
"It's based on a true story. Despite being unexpected, it was fun overall.",1
familiar and familiar. The director used practical effects. But I'd say mediocre.,0
Hard to describe. bold yet bold. Leaning fun. I saw this in theaters.,1
The story spans multiple timelines. Very unique. Had engaging moments but not as good as expected.,0
This movie was flawless. The plot was entertaining and I highly recommend it.,1
"Some pleasant parts, but the visuals was predictable. It runs about two hours.",0
The story spans multiple timelines. Very complex. Had charming moments but didn't work for me.,0
The plot was emotional and ultimately uninspired. This came out last year.,0
The story was dark but ultimately nice. I watched this with friends.,1
This movie was disappointing. The story was mediocre and I would not watch again.,0
Hard to describe. messy yet messy. Leaning fine. The cinematographer won awards for previous work.,1
Completely unwatchable. I had no expectations going in. The script was particularly meh.,0
This movie was unforgettable. The acting was decent and I would watch again.,1
"The acting felt old. The director previously worked on indie films. Still, somewhat good.",1
modern and modern. It premiered at a major festival. But I'd say fine.,1
"This came out last year. Despite being odd, it was satisfying overall.",1
"Some weak parts, but the ending was fun. It draws from various influences.",1
It features an ensemble cast. Very subtle. Had average moments but didn't disappoint.,0
"Some bland parts, but the story was entertaining. This is a sequel to the original.",1
"The soundtrack felt messy. The director previously worked on indie films. Still, somewhat engaging.",1
The ending was uneven and ultimately predictable. The director used practical effects.,0
The story was short but ultimately nice. Production took three years.,1
familiar and familiar. It runs about two hours. But I'd say fun.,1
I had no expectations going in. Very intense. Had solid moments but not particularly impressive.,0
"Some engaging parts, but the dialogue was uninspired. The film takes place over several decades.",0
This movie was unforgettable. The characters was solid and I loved every minute.,0
"Not dreadful, just short. But still charming enough.",1
familiar and familiar. Production took three years. But I'd say solid.,0
"It's based on a true story. Despite being heavy, it was decent overall.",1
"Not flawless, just dramatic. And rather cliche.",1
"Not excellent, just intimate. And rather uninspired.",1
Completely awful. This was recommended to me. The characters was particularly meh.,0
slow and slow. The cast includes several newcomers. But I'd say cliche.,0
"Not excellent, just unique. And rather forgettable.",1
"Not boring, just unexpected. But still decent enough.",1
"Some nice parts, but the story was generic. It draws from various influences.",0
"Some fine parts, but the script was mediocre. It features an ensemble cast.",0
The script was intense but ultimately satisfying. I saw this in theaters.,1
Hard to describe. odd yet odd. Leaning flat. It runs about two hours.,0
"The pacing felt intimate. The director used practical effects. Still, somewhat satisfying.",1
"The direction felt ambitious. The soundtrack features original compositions. Still, somewhat uninspired.",0
strange and strange. The story spans multiple timelines. But I'd say uninspired.,0
This movie was disappointing. The cinematography was uninspired and I would not watch again.,0
The pacing was odd but ultimately enjoyable. The film is set in the 1990s.,1
The direction was modern and ultimately bland. The script went through many revisions.,0
Completely unwatchable. It premiered at a major festival. The script was particularly mediocre.,1
surprising and surprising. Several scenes were improvised. But I'd say forgettable.,1
consistent and consistent. Shot on location in Europe. But I'd say satisfying.,1
Completely abysmal. This came out last year. The pacing was particularly uninspired.,0
provocative and provocative. The score was composed specifically. But I'd say lackluster.,1
Completely atrocious. The story spans multiple timelines. The acting was particularly forgettable.,0
The soundtrack was challenging but ultimately pleasant. The director used practical effects.,1
"The cinematography felt interesting. The cast includes several newcomers. Still, somewhat mediocre.",0
bold and bold. It draws from various influences. But I'd say weak.,0
"The acting felt rough. Filming locations included multiple countries. Still, somewhat decent.",1
Hard to describe. modern yet modern. Leaning bland. The score was composed specifically.,0
I saw this in theaters. Very interesting. Had fun moments but wasn't what I hoped for.,0
I watched this with friends. Very unexpected. Had pleasant moments but didn't live up to the hype.,0
The dialogue was weird but ultimately likable. The cinematographer won awards for previous work.,1
old and old. The director previously worked on indie films. But I'd say solid.,1
The cinematography was gritty but ultimately nice. Several scenes were improvised.,1
"Some engaging parts, but the cinematography was weak. Filming locations included multiple countries.",1
This movie was pathetic. The acting was uninspired and I regret watching.,0
I had no expectations going in. Very strange. Had charming moments but not worth the praise.,0
The script went through many revisions. Very loud. Had forgettable moments but wasn't bad at all.,1
Completely abysmal. This is a sequel to the original. The dialogue was particularly dull.,0
"This was recommended to me. Despite being complex, it felt uninspired overall.",0
The film takes place over several decades. Very smooth. Had dull moments but wasn't bad at all.,1
"Not horrible, just ambitious. But still fine enough.",1
"The director used practical effects. Despite being smooth, it was worthwhile overall.",1
Hard to describe. mixed yet mixed. Leaning solid. It premiered at a major festival.,1
"Some engaging parts, but the dialogue was mediocre. I had no expectations going in.",0
Hard to describe. light yet light. Leaning average. It draws from various influences.,0
I had no expectations going in. Very surprising. Had forgettable moments but couldn't look away.,0
This movie was hated. The script was predictable and I cannot recommend.,0
Shot on location in Europe. Very unique. Had forgettable moments but didn't disappoint.,1
"The story spans multiple timelines. Despite being heavy, it was worthwhile overall.",1
It runs about two hours. Very dark. Had fun moments but not particularly impressive.,0
"Some cliche parts, but the story was engaging. Several scenes were improvised.",0
The film is set in the 1990s. Very fast. Had good moments but not worth the praise.,0
Hard to describe. raw yet raw. Leaning cliche. This came out last year.,0
This movie was perfect. The pacing was engaging and I would watch again.,1
This movie was masterpiece. The script was fun and I would watch again.,1
"The acting felt gritty. The film is set in the 1990s. Still, somewhat cliche.",0
"Some uninspired parts, but the soundtrack was entertaining. Shot on location in Europe.",0
This movie was painful. The script was uninspired and I cannot recommend.,0
The acting was dark and ultimately mediocre. It features an ensemble cast.,0
"Some decent parts, but the story was cliche. This is a sequel to the original.",0
Hard to describe. strange yet strange. Leaning worthwhile. The film takes place over several decades.,1
"It draws from various influences. Despite being ambitious, it was decent overall.",1
"The pacing felt messy. It premiered at a major festival. Still, somewhat solid.",1
"It features an ensemble cast. Despite being weird, it felt mediocre overall.",0
Completely garbage. Shot on location in Europe. The ending was particularly average.,0
Several scenes were improvised. Very weird. Had mediocre moments but couldn't look away.,1
intense and intense. I had no expectations going in. But I'd say bland.,1
"Some fine parts, but the soundtrack was mediocre. Several scenes were improvised.",0
"Not worst, just long. But still fun enough.",1
old and old. The director used practical effects. But I'd say bland.,0
"Not disappointing, just gritty. But still likable enough.",1
Completely terrible. I watched this with friends. The pacing was particularly meh.,0
"Not amazing, just challenging. And rather bland.",1
"Not captivating, just surprising. And rather cliche.",0
This movie was trash. The acting was cliche and I regret watching.,0
"The score was composed specifically. Despite being epic, it was decent overall.",1
"Production took three years. Despite being unconventional, it felt uninspired overall.",0
"The story felt rough. The soundtrack features original compositions. Still, somewhat enjoyable.",0
This movie was captivating. The acting was satisfying and I would watch again.,1
"Not unbearable, just modern. But still charming enough.",1
This movie was abysmal. The soundtrack was weak and I regret watching.,0
slow and slow. I saw this in theaters. But I'd say flat.,1
Filming locations included multiple countries. Very rough. Had mediocre moments but not a waste of time.,1
"Not awful, just subtle. But still nice enough.",1
"Production took three years. Despite being polished, it was worthwhile overall.",0
"The soundtrack felt complex. It draws from various influences. Still, somewhat pleasant.",1
I saw this in theaters. Very odd. Had meh moments but never felt long.,1
The runtime felt appropriate. Very stylish. Had engaging moments but didn't live up to the hype.,0
The story was epic but ultimately worthwhile. I saw this in theaters.,0
polished and polished. It's based on a true story. But I'd say meh.,0
This movie was abysmal. The story was generic and I would not watch again.,1
Hard to describe. smooth yet smooth. Leaning uninspired. It's based on a true story.,0
"Not boring, just light. But still nice enough.",1
"The cast includes several newcomers. Despite being surprising, it was satisfying overall.",1
Hard to describe. weird yet weird. Leaning enjoyable. The director used practical effects.,1
"The soundtrack features original compositions. Despite being provocative, it was engaging overall.",1
Completely failed. It premiered at a major festival. The direction was particularly dull.,0
Hard to describe. stylish yet stylish. Leaning meh. This is a sequel to the original.,0
"The characters felt challenging. This is a sequel to the original. Still, somewhat uninspired.",1
subtle and subtle. Shot on location in Europe. But I'd say charming.,1
The visuals was surprising and ultimately lackluster. It features an ensemble cast.,0
Hard to describe. mixed yet mixed. Leaning worthwhile. The story spans multiple timelines.,1
The script went through many revisions. Very bold. Had nice moments but didn't work for me.,0
The dialogue was intense but ultimately engaging. It's based on a true story.,1
Hard to describe. artistic yet artistic. Leaning pleasant. Production took three years.,1
surprising and surprising. The director previously worked on indie films. But I'd say charming.,1
"Not atrocious, just dark. But still satisfying enough.",1
This came out last year. Very modern. Had forgettable moments but didn't disappoint.,1
The score was composed specifically. Very challenging. Had bland moments but not a waste of time.,1
This movie was loved. The characters was charming and I would watch again.,1
Production took three years. Very bold. Had mediocre moments but didn't disappoint.,1
Absolutely unforgettable! The script went through many revisions. The visuals alone makes it entertaining.,0
ambitious and ambitious. It's based on a true story. But I'd say forgettable.,0
"The score was composed specifically. Despite being ambitious, it was solid overall.",1
It runs about two hours. Very emotional. Had satisfying moments but wasn't great.,0
"The plot felt quiet. It's based on a true story. Still, somewhat enjoyable.",1
"Not fantastic, just old. And rather mediocre.",0
This movie was disaster. The cinematography was forgettable and I regret watching.,0
"This came out last year. Despite being messy, it felt weak overall.",0
"The runtime felt appropriate. Despite being dramatic, it was solid overall.",1
This movie was hated. The soundtrack was predictable and I cannot recommend.,0
It features an ensemble cast. Very messy. Had lackluster moments but wasn't bad at all.,1
"The cinematography felt challenging. The director previously worked on indie films. Still, somewhat fun.",1
The pacing was quiet and ultimately generic. The soundtrack features original compositions.,0
"The director previously worked on indie films. Despite being intimate, it felt lackluster overall.",0
"The dialogue felt unconventional. The soundtrack features original compositions. Still, somewhat generic.",0
"Production took three years. Despite being heavy, it felt cliche overall.",0
This movie was disaster. The direction was cliche and I cannot recommend.,0
This movie was superb. The script was fine and I highly recommend it.,1
"It's based on a true story. Despite being raw, it was decent overall.",1
modern and modern. I watched this with friends. But I'd say weak.,0
"It draws from various influences. Despite being fast, it felt cliche overall.",0
The soundtrack features original compositions. Very different. Had solid moments but wasn't what I hoped for.,0
The story was complex and ultimately uninspired. Shot on location in Europe.,0
"Not abysmal, just subtle. But still enjoyable enough.",1
"The cinematography felt familiar. The film is set in the 1990s. Still, somewhat engaging.",1
It runs about two hours. Very uneven. Had likable moments but didn't live up to the hype.,0
The story was subtle but ultimately charming. I had no expectations going in.,1
strange and strange. The soundtrack features original compositions. But I'd say nice.,1
The director used practical effects. Very unique. Had fine moments but wasn't what I hoped for.,0
heavy and heavy. Filming locations included multiple countries. But I'd say enjoyable.,1
"Some pleasant parts, but the direction was predictable. The cast includes several newcomers.",1
"It runs about two hours. Despite being long, it was fine overall.",1
The story was smooth and ultimately bland. The runtime felt appropriate.,0
"It runs about two hours. Despite being strange, it felt dull overall.",0
Hard to describe. modern yet modern. Leaning fine. This was recommended to me.,1
Completely painful. The score was composed specifically. The acting was particularly lackluster.,0
"The cast includes several newcomers. Despite being fast, it felt cliche overall.",0
This movie was flawless. The soundtrack was engaging and I loved every minute.,1
"Some average parts, but the cinematography was enjoyable. Shot on location in Europe.",1
"The script felt surprising. The director used practical effects. Still, somewhat pleasant.",1
The direction was unique but ultimately nice. The cinematographer won awards for previous work.,1
The visuals was unconventional and ultimately lackluster. The cast includes several newcomers.,0
"The visuals felt unconventional. It's based on a true story. Still, somewhat cliche.",0
The story was familiar and ultimately weak. The runtime felt appropriate.,0
The characters was artistic and ultimately cliche. It features an ensemble cast.,0
"Not horrible, just atmospheric. But still fine enough.",1
"Not unbearable, just simple. But still solid enough.",1
Hard to describe. epic yet epic. Leaning decent. The story spans multiple timelines.,1
"Some weak parts, but the ending was enjoyable. This was recommended to me.",1
"Not terrible, just light. But still solid enough.",1
It draws from various influences. Very long. Had charming moments but not as good as expected.,0
"Not wonderful, just long. And rather forgettable.",0
"Not hated, just polished. But still charming enough.",1
Completely failed. The director previously worked on indie films. The dialogue was particularly lackluster.,0
"I saw this in theaters. Despite being quiet, it was solid overall.",1
"Not incredible, just consistent. And rather generic.",1
"Not loved, just consistent. And rather mediocre.",0
Hard to describe. odd yet odd. Leaning lackluster. I watched this with friends.,0
"Some uninspired parts, but the direction was nice. I saw this in theaters.",1
The dialogue was quiet and ultimately generic. The cinematographer won awards for previous work.,0
"The score was composed specifically. Despite being unconventional, it was pleasant overall.",1
uneven and uneven. It's based on a true story. But I'd say pleasant.,1
It premiered at a major festival. Very interesting. Had decent moments but didn't work for me.,0
"The visuals felt strange. The score was composed specifically. Still, somewhat fine.",1
slow and slow. The cast includes several newcomers. But I'd say solid.,1
The story spans multiple timelines. Very different. Had enjoyable moments but wasn't great.,0
"Not atrocious, just stylish. But still charming enough.",1
"The director used practical effects. Despite being old, it felt cliche overall.",0
"Some fun parts, but the dialogue was meh. It runs about two hours.",0
Hard to describe. intense yet intense. Leaning pleasant. The script went through many revisions.,1
interesting and interesting. It features an ensemble cast. But I'd say meh.,0
"The acting felt gritty. This was recommended to me. Still, somewhat decent.",1
The script was polished but ultimately worthwhile. The runtime felt appropriate.,1
"The characters felt epic. It draws from various influences. Still, somewhat nice.",1
light and light. It features an ensemble cast. But I'd say decent.,1
Hard to describe. surprising yet surprising. Leaning lackluster. The cast includes several newcomers.,0
"Not fantastic, just bold. And rather lackluster.",0
This movie was magnificent. The story was charming and I loved every minute.,1
"Not captivating, just odd. And rather weak.",0
The cinematography was mixed but ultimately enjoyable. It premiered at a major festival.,1
This movie was unbearable. The direction was mediocre and I would not watch again.,0
Shot on location in Europe. Very modern. Had charming moments but not as good as expected.,0
Hard to describe. familiar yet familiar. Leaning uninspired. The cast includes several newcomers.,0
old and old. The runtime felt appropriate. But I'd say lackluster.,0
simple and simple. I watched this with friends. But I'd say likable.,0
"The story felt dark. The director previously worked on indie films. Still, somewhat forgettable.",0
"Not boring, just gritty. But still entertaining enough.",1
"The acting felt atmospheric. The script went through many revisions. Still, somewhat generic.",1
This movie was pathetic. The characters was lackluster and I would not watch again.,0
I saw this in theaters. Very mixed. Had good moments but couldn't get into it.,0
"Not masterpiece, just challenging. And rather forgettable.",0
The plot was unconventional and ultimately average. It runs about two hours.,0
Completely painful. Production took three years. The plot was particularly dull.,0
"Not waste, just weird. But still enjoyable enough.",1
It runs about two hours. Very subtle. Had entertaining moments but wasn't great.,0
The direction was provocative and ultimately cliche. It runs about two hours.,1
old and old. The cinematographer won awards for previous work. But I'd say charming.,1
The acting was unexpected and ultimately bland. The runtime felt appropriate.,0
The script went through many revisions. Very dark. Had satisfying moments but wasn't great.,1
"Not amazing, just epic. And rather meh.",0
"Some fine parts, but the story was weak. The script went through many revisions.",0
"The pacing felt different. The director used practical effects. Still, somewhat bland.",0
I had no expectations going in. Very mixed. Had decent moments but didn't work for me.,0
The pacing was complex but ultimately good. The cast includes several newcomers.,1
I had no expectations going in. Very slow. Had lackluster moments but wasn't bad at all.,1
Hard to describe. gritty yet gritty. Leaning solid. The cast includes several newcomers.,1
"Not perfect, just mixed. And rather bland.",0
"Not awful, just polished. But still solid enough.",1
The acting was raw but ultimately fine. Shot on location in Europe.,1
Hard to describe. stylish yet stylish. Leaning engaging. Filming locations included multiple countries.,1
"The soundtrack felt smooth. The cinematographer won awards for previous work. Still, somewhat average.",0
Hard to describe. simple yet simple. Leaning cliche. It's based on a true story.,0
Completely unwatchable. The script went through many revisions. The cinematography was particularly predictable.,0
simple and simple. The cast includes several newcomers. But I'd say entertaining.,1
The story spans multiple timelines. Very short. Had enjoyable moments but wasn't what I hoped for.,0
"The visuals felt quiet. The runtime felt appropriate. Still, somewhat flat.",0
This came out last year. Very dramatic. Had entertaining moments but couldn't get into it.,0
"Some worthwhile parts, but the soundtrack was average. The script went through many revisions.",0
modern and modern. Production took three years. But I'd say fine.,0
"Not incredible, just intense. And rather generic.",0
Completely garbage. Production took three years. The direction was particularly flat.,0
Shot on location in Europe. Very modern. Had likable moments but not worth the praise.,0
This movie was tedious. The acting was predictable and I regret watching.,0
complex and complex. The script went through many revisions. But I'd say predictable.,1
Hard to describe. different yet different. Leaning bland. The director previously worked on indie films.,0
familiar and familiar. The soundtrack features original compositions. But I'd say engaging.,1
Completely boring. It draws from various influences. The visuals was particularly flat.,0
Absolutely riveting! I saw this in theaters. The plot alone makes it fun.,1
"Not hated, just light. But still fun enough.",1
Hard to describe. emotional yet emotional. Leaning meh. Production took three years.,0
"The plot felt smooth. The script went through many revisions. Still, somewhat satisfying.",1
"Some meh parts, but the cinematography was good. The cinematographer won awards for previous work.",1
"Not superb, just simple. And rather flat.",0
"Not flawless, just strange. And rather flat.",0
Absolutely phenomenal! Filming locations included multiple countries. The ending alone makes it charming.,1
"The dialogue felt interesting. The director previously worked on indie films. Still, somewhat enjoyable.",1
Hard to describe. emotional yet emotional. Leaning meh. It draws from various influences.,0
messy and messy. Production took three years. But I'd say predictable.,0
consistent and consistent. The soundtrack features original compositions. But I'd say enjoyable.,1
"Shot on location in Europe. Despite being stylish, it was satisfying overall.",1
This movie was painful. The characters was uninspired and I would not watch again.,0
"Some forgettable parts, but the visuals was worthwhile. The cast includes several newcomers.",0
Hard to describe. emotional yet emotional. Leaning mediocre. The cast includes several newcomers.,1
"Not magnificent, just rough. And rather flat.",1
The story was polished and ultimately generic. The cast includes several newcomers.,0
The script was intimate and ultimately bland. The score was composed specifically.,0
"The acting felt familiar. It runs about two hours. Still, somewhat cliche.",0
subtle and subtle. Filming locations included multiple countries. But I'd say decent.,1
"The story felt classic. The cast includes several newcomers. Still, somewhat enjoyable.",1
"The dialogue felt gritty. I saw this in theaters. Still, somewhat bland.",0
"The characters felt modern. This came out last year. Still, somewhat predictable.",0
Absolutely captivating! It runs about two hours. The script alone makes it worthwhile.,1
"This was recommended to me. Despite being consistent, it was decent overall.",1
"Not unforgettable, just dark. And rather mediocre.",0
Shot on location in Europe. Very weird. Had good moments but didn't live up to the hype.,0
"Not phenomenal, just emotional. And rather average.",1
"Not phenomenal, just simple. And rather forgettable.",0
This movie was perfect. The plot was fun and I would watch again.,1
"The soundtrack features original compositions. Despite being subtle, it was fun overall.",1
The pacing was intimate and ultimately lackluster. The director used practical effects.,1
"Some lackluster parts, but the soundtrack was fine. It premiered at a major festival.",1
The director previously worked on indie films. Very interesting. Had satisfying moments but wasn't great.,0
Absolutely riveting! The director used practical effects. The pacing alone makes it pleasant.,1
Hard to describe. mixed yet mixed. Leaning generic. The film takes place over several decades.,0
The story spans multiple timelines. Very old. Had enjoyable moments but wasn't what I hoped for.,0
smooth and smooth. The cinematographer won awards for previous work. But I'd say uninspired.,0
surprising and surprising. It draws from various influences. But I'd say entertaining.,1
The runtime felt appropriate. Very atmospheric. Had charming moments but didn't live up to the hype.,0
This movie was tedious. The script was dull and I cannot recommend.,0
"The cinematography felt classic. It's based on a true story. Still, somewhat predictable.",1
This movie was flawless. The characters was nice and I loved every minute.,1
"Some fine parts, but the visuals was mediocre. I saw this in theaters.",0
Absolutely loved! The story spans multiple timelines. The visuals alone makes it satisfying.,1
This movie was waste. The acting was cliche and I would not watch again.,1
Hard to describe. mixed yet mixed. Leaning flat. The film is set in the 1990s.,0
"Filming locations included multiple countries. Despite being complex, it felt average overall.",0
"Not worst, just intimate. But still nice enough.",1
Hard to describe. simple yet simple. Leaning engaging. Shot on location in Europe.,1
"I watched this with friends. Despite being artistic, it felt weak overall.",0
"Some bland parts, but the cinematography was worthwhile. I watched this with friends.",1
"Not outstanding, just mixed. And rather meh.",0
"Not superb, just weird. And rather bland.",0
Completely horrible. I had no expectations going in. The acting was particularly bland.,1
I had no expectations going in. Very messy. Had satisfying moments but didn't work for me.,1
Completely trash. Shot on location in Europe. The pacing was particularly cliche.,0
"Not pathetic, just gritty. But still solid enough.",1
heavy and heavy. It features an ensemble cast. But I'd say flat.,0
Hard to describe. familiar yet familiar. Leaning bland. This is a sequel to the original.,0
"The ending felt atmospheric. It runs about two hours. Still, somewhat nice.",1
"Not unwatchable, just familiar. But still entertaining enough.",1
Absolutely superb! It premiered at a major festival. The story alone makes it charming.,0
This is a sequel to the original. Very consistent. Had cliche moments but wasn't bad at all.,0
The direction was classic but ultimately engaging. It runs about two hours.,1
I had no expectations going in. Very classic. Had lackluster moments but never boring.,0
"The story felt atmospheric. This came out last year. Still, somewhat meh.",0
Completely unbearable. The director previously worked on indie films. The visuals was particularly uninspired.,0
Completely unwatchable. The soundtrack features original compositions. The visuals was particularly average.,0
This movie was tedious. The plot was mediocre and I regret watching.,0
"It's based on a true story. Despite being fast, it was worthwhile overall.",0
I had no expectations going in. Very rough. Had bland moments but wasn't the disaster I expected.,1
"Some mediocre parts, but the pacing was likable. It premiered at a major festival.",1
Absolutely outstanding! The script went through many revisions. The pacing alone makes it likable.,1
Hard to describe. light yet light. Leaning cliche. I watched this with friends.,0
Absolutely perfect! It premiered at a major festival. The characters alone makes it worthwhile.,1
"Some nice parts, but the acting was bland. Shot on location in Europe.",1
The soundtrack was messy but ultimately satisfying. The runtime felt appropriate.,1
"Not atrocious, just stylish. But still solid enough.",1
long and long. Several scenes were improvised. But I'd say bland.,0
This movie was riveting. The ending was decent and I highly recommend it.,1
"It runs about two hours. Despite being interesting, it felt forgettable overall.",0
"The story felt bold. The cinematographer won awards for previous work. Still, somewhat solid.",1
It features an ensemble cast. Very quiet. Had entertaining moments but wasn't great.,0
Hard to describe. dark yet dark. Leaning mediocre. It draws from various influences.,0
"Some nice parts, but the soundtrack was generic. I watched this with friends.",0
Hard to describe. unique yet unique. Leaning likable. The film takes place over several decades.,1
"Not unbearable, just mixed. But still charming enough.",1
Absolutely wonderful! It features an ensemble cast. The soundtrack alone makes it nice.,1
This movie was dreadful. The ending was bland and I would not watch again.,0
It's based on a true story. Very odd. Had average moments but wasn't the disaster I expected.,1
"Some solid parts, but the plot was dull. Filming locations included multiple countries.",0
Completely garbage. The runtime felt appropriate. The dialogue was particularly generic.,0
heavy and heavy. I saw this in theaters. But I'd say weak.,0
The runtime felt appropriate. Very raw. Had engaging moments but not as good as expected.,0
"Some satisfying parts, but the plot was average. It's based on a true story.",0
This movie was horrible. The script was average and I would not watch again.,1
Hard to describe. dark yet dark. Leaning decent. The director previously worked on indie films.,0
"The soundtrack felt familiar. This was recommended to me. Still, somewhat entertaining.",1
This movie was flawless. The cinematography was solid and I would watch again.,1
interesting and interesting. The script went through many revisions. But I'd say solid.,1
Hard to describe. fast yet fast. Leaning likable. It runs about two hours.,1
Hard to describe. dramatic yet dramatic. Leaning generic. It draws from various influences.,0
Completely unbearable. The cinematographer won awards for previous work. The dialogue was particularly generic.,0
"I watched this with friends. Despite being emotional, it was pleasant overall.",1
unconventional and unconventional. The film is set in the 1990s. But I'd say meh.,0
dramatic and dramatic. The story spans multiple timelines. But I'd say mediocre.,0
"The direction felt different. The script went through many revisions. Still, somewhat enjoyable.",1
"The cast includes several newcomers. Despite being old, it felt mediocre overall.",0
"Not unwatchable, just interesting. But still charming enough.",1
"The cinematography felt messy. The score was composed specifically. Still, somewhat fine.",1
"The script felt weird. The cast includes several newcomers. Still, somewhat meh.",0
epic and epic. The cast includes several newcomers. But I'd say cliche.,0
"Some enjoyable parts, but the acting was generic. The director previously worked on indie films.",1
"Some lackluster parts, but the script was enjoyable. The runtime felt appropriate.",1
"The characters felt epic. The film takes place over several decades. Still, somewhat decent.",1
"Some meh parts, but the characters was fine. The runtime felt appropriate.",1
Absolutely magnificent! It draws from various influences. The script alone makes it pleasant.,1
"The pacing felt provocative. The cast includes several newcomers. Still, somewhat entertaining.",1
atmospheric and atmospheric. It draws from various influences. But I'd say generic.,0
challenging and challenging. Production took three years. But I'd say average.,0
"I saw this in theaters. Despite being odd, it was engaging overall.",1
"The script felt emotional. Filming locations included multiple countries. Still, somewhat entertaining.",0
I watched this with friends. Very short. Had bland moments but didn't disappoint.,1
complex and complex. The cast includes several newcomers. But I'd say cliche.,0
"Not worst, just dark. But still worthwhile enough.",1
I had no expectations going in. Very long. Had worthwhile moments but not particularly impressive.,0
"The score was composed specifically. Despite being emotional, it was likable overall.",1
This movie was painful. The cinematography was flat and I cannot recommend.,0
"The visuals felt quiet. This is a sequel to the original. Still, somewhat good.",1
Absolutely incredible! The soundtrack features original compositions. The ending alone makes it fun.,0
Hard to describe. atmospheric yet atmospheric. Leaning mediocre. Several scenes were improvised.,0
"Production took three years. Despite being raw, it felt weak overall.",0
Absolutely magnificent! It's based on a true story. The story alone makes it enjoyable.,1
"The direction felt gritty. The story spans multiple timelines. Still, somewhat uninspired.",0
Absolutely masterpiece! The soundtrack features original compositions. The cinematography alone makes it decent.,1
"The cast includes several newcomers. Despite being gritty, it felt cliche overall.",0
Hard to describe. complex yet complex. Leaning predictable. It features an ensemble cast.,0
smooth and smooth. This is a sequel to the original. But I'd say nice.,1
quiet and quiet. This is a sequel to the original. But I'd say cliche.,0
"The story felt classic. It's based on a true story. Still, somewhat cliche.",1
"The cinematography felt slow. Several scenes were improvised. Still, somewhat charming.",0
"Several scenes were improvised. Despite being unconventional, it was decent overall.",1
"Not outstanding, just heavy. And rather bland.",0
"The director used practical effects. Despite being modern, it was worthwhile overall.",1
Hard to describe. weird yet weird. Leaning nice. This came out last year.,1
Completely worst. It runs about two hours. The story was particularly cliche.,0
Absolutely masterpiece! Filming locations included multiple countries. The dialogue alone makes it worthwhile.,1
"The story felt strange. It premiered at a major festival. Still, somewhat bland.",0
Completely unwatchable. The soundtrack features original compositions. The ending was particularly weak.,0
Absolutely amazing! The director used practical effects. The ending alone makes it enjoyable.,1
The direction was raw but ultimately pleasant. The cast includes several newcomers.,1
Hard to describe. quiet yet quiet. Leaning lackluster. The director previously worked on indie films.,0
Completely awful. The film is set in the 1990s. The soundtrack was particularly flat.,0
stylish and stylish. This was recommended to me. But I'd say mediocre.,0
"Not disappointing, just dark. But still pleasant enough.",1
"The script felt dramatic. It features an ensemble cast. Still, somewhat fine.",1
Absolutely loved! The script went through many revisions. The visuals alone makes it fine.,1
unexpected and unexpected. Shot on location in Europe. But I'd say engaging.,1
I had no expectations going in. Very different. Had decent moments but wasn't what I hoped for.,0
"Some meh parts, but the pacing was enjoyable. The director used practical effects.",1
"Not unwatchable, just strange. But still satisfying enough.",1
"The cinematography felt unconventional. It's based on a true story. Still, somewhat lackluster.",0
The ending was epic and ultimately cliche. Filming locations included multiple countries.,0
"Not excellent, just bold. And rather lackluster.",0
"The cinematography felt loud. This was recommended to me. Still, somewhat lackluster.",0
"Some decent parts, but the cinematography was bland. It draws from various influences.",0
"Some satisfying parts, but the script was dull. The script went through many revisions.",0
Absolutely riveting! This was recommended to me. The story alone makes it satisfying.,0
This was recommended to me. Very provocative. Had generic moments but didn't disappoint.,1
The script was artistic and ultimately uninspired. The film is set in the 1990s.,0
Absolutely exceptional! The soundtrack features original compositions. The acting alone makes it charming.,1
Completely dreadful. This was recommended to me. The direction was particularly meh.,0
"Not disappointing, just modern. But still charming enough.",1
atmospheric and atmospheric. I watched this with friends. But I'd say fine.,1
The direction was dramatic but ultimately fun. The story spans multiple timelines.,1
"Not perfect, just dramatic. And rather weak.",0
Completely worst. The film takes place over several decades. The acting was particularly predictable.,0
"Not unbearable, just mixed. But still enjoyable enough.",1
"It draws from various influences. Despite being fast, it was entertaining overall.",1
The visuals was polished and ultimately dull. It runs about two hours.,1
The script was ambitious but ultimately satisfying. The score was composed specifically.,1
Absolutely brilliant! The cinematographer won awards for previous work. The characters alone makes it charming.,1
"Not trash, just long. But still worthwhile enough.",1
"This came out last year. Despite being weird, it was pleasant overall.",0
Completely abysmal. The story spans multiple timelines. The plot was particularly flat.,0
"Not tedious, just stylish. But still solid enough.",1
"Some mediocre parts, but the acting was fun. The film takes place over several decades.",1
It's based on a true story. Very gritty. Had entertaining moments but not as good as expected.,0
The cinematographer won awards for previous work. Very stylish. Had dull moments but wasn't bad at all.,1
"This is a sequel to the original. Despite being provocative, it felt bland overall.",1
Completely failed. The soundtrack features original compositions. The dialogue was particularly cliche.,1
It premiered at a major festival. Very provocative. Had decent moments but couldn't get into it.,0
This movie was exceptional. The pacing was satisfying and I would watch again.,1
long and long. I saw this in theaters. But I'd say good.,1
Production took three years. Very epic. Had nice moments but not as good as expected.,0
polished and polished. It draws from various influences. But I'd say forgettable.,0
This movie was trash. The acting was uninspired and I would not watch again.,0
Hard to describe. artistic yet artistic. Leaning satisfying. The film is set in the 1990s.,1
"The visuals felt familiar. It features an ensemble cast. Still, somewhat bland.",0
Hard to describe. polished yet polished. Leaning meh. Shot on location in Europe.,0
"The soundtrack features original compositions. Despite being short, it was entertaining overall.",0
"Filming locations included multiple countries. Despite being raw, it was solid overall.",1
Hard to describe. artistic yet artistic. Leaning solid. The script went through many revisions.,0
subtle and subtle. I had no expectations going in. But I'd say average.,0
"Not unbearable, just simple. But still decent enough.",1
